latent_1,latent_2,latent_3,latent_4,cluster
1.9682375,8.12251,17.67495,0.0,2
0.0,0.84620553,1.6417867,1.010863,0
0.0,0.20367718,0.69895816,0.0,1
3.8382626,10.039953,20.747013,0.0,0
2.1178722,8.5240555,18.535763,0.0,1
0.0,0.5857626,1.1958041,0.5753136,2
0.0,0.09748943,0.47131827,0.0,1
0.0,0.09103617,0.45748413,0.0,3
0.0,0.6749526,1.3358648,0.79184127,3
3.81185,9.866722,20.328485,0.0,1
3.5791101,9.693657,20.1213,0.0,0
0.0,0.56441295,1.1476879,0.6605648,0
2.37355,8.530046,18.376171,0.0,0
0.0,0.30775303,0.92207074,0.0,0
0.0,0.27323908,0.84808147,0.0,0
0.0,0.48568878,1.0070045,0.6561061,0
4.2925487,11.0088415,22.755465,0.0,1
0.0,0.84535575,1.6568546,0.67688876,0
0.0,0.8508126,1.6741682,0.6582284,0
2.8318615,9.606369,20.65452,0.0,0
4.288048,10.9813175,22.685286,0.0,0
0.0,0.5151648,1.0553731,0.7756956,0
3.8146052,10.0531025,20.811653,0.0,0
0.0,0.393377,0.8621384,0.5956838,0
0.0,0.14085667,0.56428677,0.0,0
0.0,0.27870286,0.8597945,0.0,0
2.7367487,9.3262,20.027359,0.0,0
2.4243674,8.712148,18.783585,0.0,2
0.0,0.48910555,1.0204175,0.5789439,0
0.0,0.7838434,1.5557132,0.6306994,3
3.745977,9.744345,20.078768,0.0,0
2.1732788,8.672739,18.854506,0.0,2
0.0,0.28267798,0.8683162,0.0,0
0.0,0.6313034,1.264459,0.72947973,3
0.0,0.58430195,1.1769545,0.80430454,1
0.0,0.7828705,1.5309981,0.84579194,0
0.0,0.47731718,1.2855738,0.0,2
0.0,0.40627104,0.8768651,0.5358001,2
0.0,0.60696715,1.2244494,0.6652592,1
0.0,0.80693793,1.5691366,0.91159284,1
2.1898546,8.271419,17.895609,0.0,2
0.0,0.65440243,1.3060501,0.7634637,0
0.0,0.34697306,1.0061486,0.0,0
2.8113751,9.579942,20.605019,0.0,2
4.207439,10.942486,22.668406,0.0,2
0.0,0.79436594,1.5689234,0.6497637,0
3.9790425,10.382029,21.476545,0.0,0
0.0,0.5437548,1.4279994,0.0,2
0.0,0.2888332,0.8815114,0.0,1
2.852932,9.568395,20.527529,0.0,0
4.411552,11.075483,22.805817,0.0,2
0.0,0.57939774,1.504409,0.0,2
2.2832704,8.400877,18.13999,0.0,0
3.7701302,9.945893,20.580559,0.0,0
2.0055833,8.222728,17.889793,0.0,1
2.0026016,8.214726,17.87264,0.0,0
0.0,0.41216055,1.1458943,0.0,0
0.0,1.1425595,2.7116868,0.0,3
0.0,0.16409808,0.6141105,0.0,3
3.9439616,10.247022,21.184013,0.0,0
0.0,0.5905092,1.1905191,0.71885747,0
3.7478719,9.8786745,20.423475,0.0,0
2.1267147,8.547784,18.58663,0.0,2
3.9631648,10.221836,21.095726,0.0,1
0.0,0.1888405,0.66715205,0.0,1
0.0,0.6906228,1.3713843,0.6927869,1
3.837254,9.932117,20.480204,0.0,0
2.5597587,8.797611,18.865332,0.0,0
3.9161844,10.143191,20.942299,0.0,0
2.2171526,8.790474,19.106897,0.0,2
3.8115778,9.939834,20.519678,0.0,0
3.9086924,10.254085,21.2285,0.0,0
0.0,0.108374946,0.4946541,0.0,2
2.6378798,8.9334135,19.132326,0.0,2
3.8231506,9.997362,20.653141,0.0,1
0.0,0.017215634,0.29923138,0.044016868,2
0.0,0.74919575,1.4787135,0.7354495,0
2.9550486,9.700155,20.77319,0.0,0
4.305668,11.112777,23.01921,0.0,0
2.9079332,9.574191,20.482529,0.0,2
0.0,0.8756977,1.7117624,0.685981,2
4.341702,11.115786,22.989105,0.0,2
0.0,0.79116875,1.56015,0.65695673,2
3.8900661,9.958725,20.4812,0.0,1
0.0,0.47734118,1.0013982,0.537921,1
3.808086,9.921378,20.47894,0.0,0
0.0,0.25859314,0.81668425,0.0,1
2.892705,9.684917,20.799292,0.0,3
3.028255,9.68597,20.65467,0.0,3
2.3894773,9.252909,20.098242,0.0,1
0.0,0.7913523,1.561659,0.65380085,1
2.8766575,9.642438,20.703465,0.0,2
2.1964827,8.322271,18.021103,0.0,3
2.8708577,9.591518,20.570845,0.0,0
2.6155667,9.243478,19.941645,0.0,0
2.3128486,9.047275,19.657413,0.0,2
2.2541208,8.423043,18.215368,0.0,0
3.7076302,9.702121,20.030302,0.0,0
3.7342958,9.705246,19.991531,0.0,0
0.0,0.14688131,0.5772021,0.0,1
3.7959619,10.005242,20.706676,0.0,0
3.7932906,9.9387245,20.550936,0.0,0
1.8792986,7.883841,17.163305,0.0,3
0.0,0.5785488,1.1706619,0.7340925,3
2.2845426,8.342228,17.980919,0.0,0
3.8265963,10.101904,20.928871,0.0,0
3.7002892,9.905605,20.541422,0.0,0
3.8096027,9.853961,20.305538,0.0,3
2.3600936,8.390482,18.019836,0.0,0
2.3624668,8.448656,18.181473,0.0,0
2.369142,8.4384985,18.133732,0.0,1
0.0,0.69550204,1.376819,0.80995405,3
0.0,0.2873482,0.87832797,0.0,1
2.0697298,8.394864,18.25881,0.0,1
0.0,0.62974125,1.6123327,0.0,1
0.0,0.14028084,0.56305236,0.0,1
2.5135927,8.545358,18.2712,0.0,1
2.0992432,8.474064,18.428593,0.0,2
2.091413,8.453052,18.383549,0.0,1
0.0,0.18125863,0.65089846,0.0,1
2.2955012,8.378941,18.060505,0.0,1
0.0,0.0,0.25223517,0.057431534,1
0.0,0.5829894,1.1807387,0.7196257,2
0.0,0.0,0.25223517,0.057431534,0
3.9752064,10.071209,20.686243,0.09028363,1
1.9962622,8.197715,17.83617,0.0,0
4.2673254,10.85375,22.376385,0.0,1
0.0,0.7546997,1.8802123,0.0,0
0.0,0.11201901,0.5024661,0.0,3
2.3011403,8.458848,18.257074,0.0,3
0.0,0.62804645,1.2575762,0.74551517,0
4.2665296,11.062165,22.92928,0.0,2
0.0,0.63254,1.6183325,0.0,3
0.0,0.54370433,1.1080029,0.73551726,0
0.0,0.0,0.26142973,0.05480703,0
3.631855,9.528923,19.648315,0.0,0
2.4270964,8.452334,18.108765,0.0,1
2.167996,8.1457205,17.589617,0.0,0
3.688828,9.769212,20.196407,0.0,0
2.4266276,8.585473,18.459383,0.0,0
0.0,0.0,0.25223517,0.057431534,0
3.7022538,9.851822,20.409445,0.0,1
2.559691,8.986954,19.347097,0.0,3
0.0,0.60486275,1.5589995,0.0,2
2.387608,8.483501,18.23185,0.0,0
2.030684,8.290085,18.03419,0.0,1
0.0,0.040125262,0.34834388,0.029998124,2
4.368018,11.019324,22.70062,0.0,0
2.9342198,9.651538,20.664652,0.0,0
2.0001993,8.20828,17.858818,0.0,3
2.8996859,9.650426,20.699808,0.0,1
0.0,0.6256481,1.2504796,0.7930243,0
0.0,0.24054955,0.77800333,0.0,0
4.223203,10.911991,22.571125,0.0,2
0.0,0.7472893,1.4976034,0.5978107,0
0.0,0.3273368,0.9640534,0.0,3
2.2836757,8.458367,18.272144,0.0,1
2.9041677,9.656208,20.710638,0.0,3
3.7983122,10.070676,20.865442,0.0,1
2.5397635,8.956554,19.287455,0.0,2
0.0,0.2667019,0.8340674,0.0,0
4.2897477,11.09219,22.982632,0.0,2
3.8391438,10.172776,21.07867,0.0,2
0.0,0.68060195,1.3448362,0.8239626,0
4.068677,10.579194,21.892296,0.0,0
2.5642314,8.8904505,19.1073,0.0,1
3.6760821,9.70421,20.05478,0.0,0
3.8309693,9.959443,20.554874,0.0,0
3.6605744,9.757062,20.206488,0.0,0
3.9089098,10.248214,21.212431,0.0,2
0.0,0.50799674,1.351343,0.0,3
3.7924018,9.889134,20.41647,0.0,0
3.7798562,9.9650545,20.61605,0.0,0
0.0,0.18705301,0.6633202,0.0,0
0.0,0.58709246,1.186383,0.7154035,0
3.6109858,9.544718,19.70067,0.0,0
2.365059,8.61361,18.599535,0.0,2
3.7295399,9.742151,20.100286,0.0,0
0.0,0.8274014,1.6123116,0.96905386,0
0.0,0.0024764095,0.26763418,0.05303602,3
0.0,0.5790176,1.169971,0.68572474,0
2.5289683,8.848519,19.019203,0.0,0
3.8783622,10.035874,20.690168,0.0,2
3.77978,9.81269,20.232399,0.0,0
0.0,0.005290557,0.273667,0.051314,2
3.959714,10.225537,21.09769,0.0,0
3.9942336,10.464122,21.674253,0.0,0
0.0,0.18778482,0.664889,0.0,3
2.3106608,8.331078,17.909153,0.0,1
2.254694,8.891217,19.322866,0.0,2
4.1046505,10.716427,22.20801,0.0,2
0.0,0.5426297,1.1067214,0.63286924,2
2.1460242,8.14558,17.621353,0.0,1
0.0,0.4762015,0.99423134,0.64061534,0
4.2566967,10.962592,22.668829,0.0,0
2.4014473,8.480601,18.20803,0.0,0
2.9143734,9.625936,20.616693,0.0,1
3.768464,9.915261,20.503971,0.0,1
2.8683162,9.60996,20.624006,0.0,2
0.0,0.7468692,1.8634259,0.0,2
0.0,0.02494498,0.31580117,0.039287165,1
0.0,0.81295276,1.6113824,0.63125926,2
0.0,1.0140855,2.436271,0.0,3
0.0,0.98138237,2.3661633,0.0,2
3.755742,9.87366,20.404692,0.0,2
3.7792287,9.750917,20.065697,0.0,3
3.85386,10.10339,20.908648,0.0,0
0.0,0.7254304,1.4303269,0.826291,0
2.0216303,8.26579,17.982105,0.0,1
3.9030347,10.241444,21.193672,0.0,2
0.0,0.49042875,1.022027,0.5531046,2
0.0,0.67929226,1.3525072,0.7651703,2
4.0002475,10.134173,20.812866,0.069586374,3
3.8271122,9.958548,20.551575,0.0,3
1.9907967,8.183047,17.804728,0.0,0
0.0,0.17618783,0.6400279,0.0,1
2.4343276,8.540796,18.34067,0.0,0
3.912713,10.004741,20.57862,0.0,3
0.0,0.68208313,1.3509443,0.82762915,0
3.922464,10.205316,21.08619,0.0,2
3.8469682,10.081239,20.85405,0.0,1
0.0,0.6165444,1.2393738,0.70721406,0
0.0,0.5865823,1.1818931,0.68808347,3
0.0,0.0,0.25223517,0.057431534,0
2.48482,8.696244,18.679482,0.0,2
0.0,0.71516144,1.4445484,0.5743107,0
0.0,0.4830685,0.99833626,0.63967466,0
0.0,1.0262114,2.4622657,0.0,0
4.2624965,11.013511,22.801449,0.0,3
3.8675103,10.243752,21.237225,0.0,1
0.0,0.19848229,0.6878216,0.0,0
3.512928,9.4335785,19.516262,0.0,2
2.365326,8.397953,18.04668,0.0,0
3.6901302,9.900768,20.542181,0.0,0
2.8093781,9.49049,20.36298,0.0,3
4.0123434,10.333502,21.330215,0.0,1
0.0,0.18763208,0.6645615,0.0,3
4.046371,10.454566,21.601757,0.0,3
0.0,0.6257167,1.2562048,0.733426,1
2.504981,8.784327,18.898842,0.0,0
0.0,0.48346728,1.0256956,0.503712,1
3.8462234,10.009897,20.661207,0.0,1
3.9704542,10.083359,20.724524,0.032360986,0
3.9997087,10.377621,21.460585,0.0,3
0.0,0.3385814,0.98815906,0.0,0
0.0,0.1384941,0.55922204,0.0,0
0.0,0.5068537,1.0445116,0.6558777,0
0.0,0.7116505,1.4280833,0.60084647,0
0.0,0.6641191,1.3181078,0.7282519,0
3.9940686,10.175395,20.935026,0.0,0
4.3386445,11.068306,22.866852,0.0,2
0.0,0.36580908,1.0465283,0.0,0
4.2842827,11.063334,22.913399,0.0,3
0.0,0.30042055,0.9063518,0.0,0
2.0533237,8.350839,18.16443,0.0,1
0.0,0.8372542,1.656106,0.63650423,0
2.5545883,8.731832,18.705498,0.0,0
0.0,0.12604608,0.53253657,0.0,0
2.442614,8.628592,18.55129,0.0,1
2.5089798,8.937198,19.27086,0.0,2
0.0,0.26608375,0.8327423,0.0,0
0.0,0.030260373,0.32719603,0.0360346,0
2.4216814,8.617792,18.550133,0.0,0
3.8299136,10.031751,20.74437,0.0,0
3.9237757,10.239699,21.176117,0.0,1
3.7565475,9.844981,20.33302,0.0,1
0.0,0.0,0.25604936,0.056342807,2
3.7602081,9.810307,20.244955,0.0,3
4.085818,10.416554,21.457315,0.0,0
2.7569385,9.487999,20.414171,0.0,2
0.0,0.48571494,1.3035765,0.0,1
0.0,0.7626433,1.8972415,0.0,3
2.8600311,9.642708,20.72259,0.0,1
0.0,0.46121237,1.251049,0.0,0
0.0,0.7076361,1.390569,0.8545104,0
2.4205375,9.336259,20.276922,0.0,0
4.3892393,11.155466,23.041885,0.0,2
2.5350604,8.8038025,18.922178,0.0,1
1.9591461,8.098113,17.62265,0.0,0
0.0,0.6334094,1.2628288,0.79360294,0
3.925984,10.145842,20.929121,0.0,3
0.0,0.5976804,1.2030942,0.7083569,0
2.4770117,8.728957,18.77244,0.0,1
3.5607634,9.658991,20.047066,0.0,1
0.0,0.45805365,0.9662862,0.58137167,2
0.0,0.0,0.25223517,0.057431534,0
2.0831323,8.43083,18.33591,0.0,0
0.0,0.60555106,1.2215651,0.7149749,1
0.0,0.44439414,0.93677574,0.6104474,2
2.050271,8.342648,18.14687,0.0,2
0.0,0.03278507,0.33260834,0.034489695,3
2.2647033,8.353501,18.026457,0.0,2
0.0,0.5285248,1.082772,0.726285,3
3.8197846,9.932996,20.48674,0.0,3
2.4381275,8.565844,18.39515,0.0,0
4.414447,11.188064,23.099808,0.0,2
4.05436,10.537161,21.799429,0.0,0
0.0,0.1760584,0.6397505,0.0,3
0.0,0.23207814,0.75984275,0.0,0
0.0,0.084192306,0.44281256,0.0030328445,2
3.7852173,9.875798,20.381617,0.0,0
3.7466564,9.833702,20.317904,0.0,0
0.0,0.48478153,1.3015754,0.0,0
2.9744773,9.616597,20.524721,0.0,1
0.0,0.42760232,1.1789975,0.0,2
0.0,0.053332254,0.37665635,0.021916568,0
0.0,0.018066477,0.30105537,0.04349622,0
3.867591,9.958859,20.50084,0.0,3
0.0,0.8615433,1.6849573,0.68498844,1
0.0,0.68167126,1.3581756,0.63457775,2
3.8515954,10.041387,20.737228,0.0,1
0.0,0.5621275,1.4673858,0.0,3
0.0,0.38812375,0.85077876,0.5376663,0
0.0,0.7267249,1.4271972,0.8407253,0
3.9565372,10.324361,21.355038,0.0,0
0.0,0.5716793,1.1665175,0.6219455,2
0.0,0.13310407,0.54766715,0.0,3
0.0,0.77417445,1.5150245,0.88505733,0
0.0,0.15637664,0.59755766,0.0,2
0.0,0.84906405,1.6632494,0.67886144,0
4.3040915,11.04545,22.842659,0.0,3
3.631681,9.655318,19.975311,0.0,0
3.7001328,9.791681,20.25561,0.0,0
2.1409793,8.251637,17.88545,0.0,1
2.553749,8.869844,19.069225,0.0,1
3.84348,10.026286,20.704649,0.0,3
2.1966567,8.238379,17.801064,0.0,1
2.5439115,8.641814,18.477808,0.0,0
2.524033,8.842005,19.013145,0.0,1
3.5981092,9.631777,19.940067,0.0,3
0.0,0.499815,1.0380917,0.6102308,2
2.6229057,8.845965,18.908787,0.0,1
3.8597488,10.166428,21.061764,0.0,0
2.448152,8.667221,18.645496,0.0,1
2.7267122,9.03623,19.300047,0.0,2
2.50175,8.765342,18.835062,0.0,1
0.0,0.35920167,1.0323637,0.0,1
2.62259,8.802869,18.811676,0.0,3
0.0,0.24169497,0.7804588,0.0,1
0.0,0.807647,1.5685622,0.96567416,0
4.4121923,11.076309,22.807364,0.0,0
0.0,0.6142129,1.5790439,0.0,0
0.0,0.7858954,1.5592688,0.63174474,0
0.0,0.5149511,1.3662516,0.0,0
2.3722434,8.581399,18.505524,0.0,0
0.0,0.7390814,1.4833812,0.5936296,1
0.0,0.50247645,1.339509,0.0,2
2.8664336,9.650968,20.738062,0.0,2
2.848855,9.395707,20.087725,0.0,1
2.0765085,8.413055,18.297808,0.0,1
4.30283,11.065542,22.898912,0.0,1
0.0,0.1445343,0.57217073,0.0,0
0.0,0.4774241,1.285803,0.0,2
3.7880502,9.838318,20.284231,0.0,0
3.8258138,9.813881,20.174717,0.0014943443,1
0.0,0.13241856,0.5461976,0.0,2
4.3492255,11.14731,23.062845,0.0,0
4.3540087,11.088126,22.903976,0.0,1
0.0,0.5462185,1.4332811,0.0,1
2.0496016,8.340851,18.143017,0.0,3
0.0,0.28527534,0.8738842,0.0,2
3.9141903,10.305571,21.35061,0.0,3
0.0,0.3591324,1.0322152,0.0,3
3.6073403,9.617419,19.90001,0.0,3
0.0,0.96534896,2.3317916,0.0,0
0.0,0.4773202,1.2855803,0.0,3
0.0,0.76883507,1.5349371,0.60878605,0
0.0,0.6384224,1.269175,0.84770304,0
3.8116302,9.984987,20.627378,0.0,2
0.0,0.12800997,0.5367467,0.0,0
0.0,0.6768581,1.3432338,0.7717616,0
2.0568008,8.36017,18.184435,0.0,3
3.7659183,9.795416,20.210545,0.0,0
3.7046003,9.632517,19.842209,0.0,0
2.5325136,8.636801,18.484825,0.0,1
3.7830925,10.042029,20.810217,0.0,0
3.704225,9.802725,20.269793,0.0,1
3.762517,9.742789,20.046677,0.0,0
3.7529678,9.798787,20.220945,0.0,1
3.84451,10.098551,20.887573,0.0,2
2.2264595,8.2880125,17.896748,0.0,0
2.4509063,8.52473,18.26392,0.0,2
2.5088277,8.715244,18.703339,0.0,3
3.9619126,10.219848,21.090363,0.0,1
3.904787,10.187115,21.061989,0.0,2
2.0794096,8.420841,18.314497,0.0,2
2.5160365,8.872208,19.100878,0.0,0
0.0,0.20623353,0.7044384,0.0,2
3.7439728,9.821574,20.301067,0.0,0
0.0,0.68458265,1.3586786,0.79953575,0
0.0,0.56830573,1.1661816,0.597828,0
0.0,0.55889374,1.1334312,0.7245341,0
0.0,0.45070624,0.95350575,0.72753125,0
2.125484,7.881438,16.956083,0.0,0
2.7793155,9.482219,20.389668,0.0,1
0.0,0.77367926,1.5234934,0.71628517,0
0.0,0.34610027,1.0042777,0.0,2
0.0,0.66598207,1.690024,0.0,0
2.1758542,8.679649,18.869318,0.0,1
3.0045671,9.655414,20.597431,0.0,2
0.0,0.4836131,1.2990707,0.0,0
2.8804426,9.582165,20.534704,0.0,2
0.0,0.1985659,0.6880009,0.0,3
2.634808,9.1796255,19.764843,0.0,0
2.818398,9.567283,20.562685,0.0,3
3.8263698,9.791118,20.110624,0.06957498,0
2.6952538,8.964373,19.140705,0.0,2
0.0,0.6695754,1.3273534,0.8391282,0
0.0,0.5474306,1.1204802,0.64005834,3
3.7191849,9.910125,20.542728,0.0,0
0.0,0.54084516,1.1117396,0.58890444,1
3.8559499,9.916481,20.417168,0.0,0
2.7749777,8.930736,18.962376,0.0,1
0.0,0.2612333,0.8223441,0.0,2
0.0,0.54918605,1.121278,0.66315085,3
0.0,0.0,0.25223517,0.057431534,1
2.517755,8.636732,18.487614,0.0,3
2.332757,8.478997,18.277813,0.0,3
3.902089,10.1689205,21.01585,0.0,1
0.0,0.13993117,0.5623027,0.0,1
4.151802,10.248951,20.939243,0.55620813,3
2.4176102,8.628285,18.577698,0.0,2
2.4641304,8.641522,18.560783,0.0,1
3.8570552,10.057827,20.781773,0.0,0
2.342123,8.318045,17.848637,0.0,0
3.6194448,9.657266,19.994095,0.0,0
0.0,0.5464273,1.1139174,0.6326701,0
0.0,0.4531284,1.2337191,0.0,0
0.0,0.5309032,1.0866829,0.6902964,0
0.0,0.7018307,1.3806841,0.89638203,0
4.315168,11.081473,22.928137,0.0,0
0.0,0.31816873,0.94439936,0.0,0
2.4170728,9.326961,20.25699,0.0,3
3.5440736,9.568372,19.845127,0.0,0
0.0,0.40505102,0.881676,0.48598367,2
3.7801857,9.787878,20.166822,0.0,0
3.8176894,10.093433,20.903502,0.0,2
4.37378,11.026756,22.714542,0.0,3
2.4427972,8.661138,18.617567,0.0,3
0.0,0.56634736,1.1714585,0.54006046,1
3.8788757,10.194519,21.1039,0.0,1
0.0,0.7209323,1.4132545,0.86361957,0
0.0,0.1540909,0.5926576,0.0,2
2.168611,8.660213,18.827652,0.0,3
0.0,0.058941174,0.38868046,0.018484388,1
0.0,0.06439286,0.4003675,0.015148424,2
0.0,0.049214836,0.36782965,0.024436075,1
0.0,0.27833697,0.8590101,0.0,2
0.0,0.6718157,1.3400764,0.69309497,2
0.0,0.33068103,0.9712226,0.0,2
3.7796102,9.864704,20.34865,0.0,1
1.9996265,8.206742,17.855524,0.0,2
3.8490758,9.889786,20.354162,0.0,1
3.6824493,9.52832,19.57351,0.030833324,2
4.053453,10.451353,21.578175,0.0,3
0.0,0.0,0.25223517,0.057431534,2
2.1240025,8.540506,18.57103,0.0,2
0.0,0.56583375,1.1451247,0.68462145,0
2.163148,8.281334,17.94769,0.0,3
0.0,0.2239948,0.74251413,0.0,0
3.8778734,10.219468,21.176798,0.0,1
0.0,0.7626632,1.4894878,0.9175328,0
0.0,0.6264208,1.2514334,0.7718794,1
0.0,0.56900173,1.1567453,0.6432934,2
0.0,0.008510828,0.28057048,0.049343467,3
2.3475451,8.514942,18.369377,0.0,0
0.0,1.0511311,2.5156872,0.0,0
0.0,0.4244196,1.1721747,0.0,2
3.7116494,9.7555,20.148607,0.0,0
4.1174364,10.749649,22.266848,0.0,3
0.0,0.7524193,1.5064926,0.60042393,0
4.327108,11.096914,22.955574,0.0,1
2.6152658,9.1461935,19.702055,0.0,2
0.0,0.72894204,1.8249943,0.0,2
0.0,0.7969242,1.5783491,0.6374444,1
3.6953278,9.6840725,19.97947,0.0,0
2.0721717,8.401417,18.272858,0.0,1
3.648333,9.621148,19.871374,0.0,1
0.0,0.060848262,0.3927688,0.017317407,0
3.9175658,10.135764,20.915398,0.0,0
0.0,0.47741446,0.99418944,0.71595347,2
0.0,0.56571907,1.1398381,0.69589263,1
0.0,0.6048689,1.2172959,0.7883835,0
2.5985432,8.855529,18.970245,0.0,0
0.0,0.19844703,0.68774605,0.0,0
2.3841014,8.370055,17.932516,0.0,3
0.0,0.0,0.2590685,0.055481024,3
3.7845573,10.08038,20.915833,0.0,2
4.065519,10.3222885,21.234556,0.0,3
0.0,0.09517872,0.4663647,0.0,0
0.0,0.6793173,1.3685732,0.5938828,0
4.333522,11.061698,22.854473,0.0,2
2.9534264,9.676315,20.711063,0.0,2
4.4345994,11.105215,22.86151,0.0,3
2.8834176,9.672907,20.77795,0.0,0
0.0,0.34697306,1.0061486,0.0,2
0.0,0.16542028,0.616945,0.0,3
0.0,0.49684584,1.0210984,0.65732396,0
0.0,0.52433,1.0720811,0.67975444,0
1.9835068,8.163486,17.76279,0.0,0
3.911869,10.138555,20.929564,0.0,0
3.9280205,10.303522,21.342161,0.0,0
2.436244,8.654447,18.628613,0.0,1
2.1241612,8.540933,18.571943,0.0,2
3.9055,10.147605,20.95978,0.0,1
3.8538022,9.95871,20.526772,0.0,0
0.0,0.57892925,1.1817997,0.6357503,2
3.7323365,9.997973,20.759418,0.0,1
2.2178102,8.2514305,17.816744,0.0,1
2.3362665,8.548201,18.460331,0.0,1
2.0374298,8.3081875,18.072998,0.0,3
3.6850328,9.68496,19.984482,0.0,2
2.5224395,8.684362,18.610325,0.0,1
2.550159,8.875603,19.08035,0.0,2
0.0,0.6177894,1.2566351,0.577069,1
2.4864702,8.865674,19.120571,0.0,2
0.0,0.32304168,0.9548458,0.0,2
0.0,0.06420178,0.3999579,0.015265346,2
3.963376,10.1243305,20.829632,0.0,2
2.421011,8.488409,18.205935,0.0,3
0.0,0.2502092,0.7987112,0.0,2
2.543405,9.088335,19.632505,0.0,2
3.8245368,9.95682,20.55877,0.0,3
3.730566,9.841518,20.356314,0.0,1
0.0,0.54182184,1.4238555,0.0,0
0.0,0.008176304,0.27985334,0.049548168,1
0.0,0.8259683,1.6365502,0.63075525,3
0.0,0.35537642,1.0241634,0.0,1
2.3657904,9.189344,19.961975,0.0,1
2.9329448,9.715159,20.8353,0.0,2
2.9515057,9.673838,20.706423,0.0,3
3.799294,9.975,20.632055,0.0,3
4.43588,11.106867,22.864605,0.0,3
0.0,0.59012574,1.1962953,0.65854716,1
2.6183114,9.2129345,19.850887,0.0,0
4.304779,11.089833,22.960716,0.0,1
2.8970876,9.603638,20.574926,0.0,2
2.8715553,9.657574,20.750437,0.0,3
2.9002886,9.607767,20.58266,0.0,3
0.0,0.9740335,2.350409,0.0,1
4.0124364,10.498715,21.744967,0.0,2
4.2432528,10.94525,22.636343,0.0,0
3.6667538,9.721405,20.117666,0.0,0
0.0,0.5766552,1.1704745,0.6961449,0
0.0,0.6952949,1.3718431,0.8413699,0
0.0,0.4915204,1.0175247,0.6389651,0
0.0,0.14888172,0.5814905,0.0,0
3.7986455,9.909348,20.463749,0.0,0
0.0,0.58793,1.2052383,0.5609248,0
0.0,0.11461906,0.50803995,0.0,0
0.0,0.619541,1.2409742,0.76605135,0
0.0,0.7190358,1.4127475,0.81980443,0
3.838821,9.932846,20.469975,0.0,3
0.0,0.14647867,0.57633895,0.0,1
0.0,0.11735242,0.51389956,0.0,0
0.0,0.64694315,1.6492094,0.0,0
3.81011,10.022948,20.743582,0.0,3
3.6238928,9.519961,19.623968,0.0,3
3.8299818,10.035035,20.742805,0.0,2
3.8814697,10.198831,21.112625,0.0,3
0.0,0.6466858,1.2850578,0.8340175,0
0.0,0.5154259,1.0585881,0.68296444,0
0.0,0.6338555,1.2641948,0.73583966,0
2.4020567,8.489747,18.241663,0.0,3
3.6708035,9.613357,19.816673,0.0,1
2.2696557,8.312687,17.913393,0.0,0
2.4968834,8.67807,18.619295,0.0,1
2.497303,8.607996,18.44094,0.0,1
4.100284,10.554446,21.78982,0.0,2
2.4585018,8.711065,18.760607,0.0,1
0.0,0.5421792,1.1086397,0.7078437,2
0.0,0.24232726,0.7818143,0.0,3
3.6102958,9.605024,19.864304,0.0,1
0.0,0.56459564,1.1471233,0.7212352,3
0.0,0.6140805,1.2409546,0.65102196,1
2.0556965,8.357207,18.178082,0.0,1
2.2281213,8.16108,17.581617,0.0,0
2.2870088,8.32389,17.93352,0.0,0
2.8549094,9.636101,20.710215,0.0,0
2.945744,9.666405,20.6925,0.0,2
2.3170285,9.058492,19.681461,0.0,3
4.1093583,10.774692,22.337803,0.0,0
0.0,0.0,0.25223517,0.057431534,0
2.905353,9.549144,20.41699,0.0,0
4.298371,11.103341,23.002443,0.0,0
2.5253148,8.94569,19.279032,0.0,0
0.0,0.5762897,1.1679969,0.76636666,0
0.0,0.46118954,0.9689849,0.6379504,0
2.4656854,8.550803,18.33504,0.0,0
3.7538056,9.804533,20.229784,0.0,3
3.6979198,9.616784,19.818224,0.0,2
3.8583503,9.98637,20.592182,0.0,2
2.1267076,8.547764,18.586588,0.0,3
3.748487,9.966757,20.657778,0.0,1
2.539763,8.827602,18.954391,0.0,2
0.0,0.63896316,1.2814169,0.6827426,1
2.495573,8.647952,18.5487,0.0,0
2.638616,8.881605,18.99598,0.0,0
2.6305108,9.1251335,19.63002,0.0,3
3.6983013,9.770523,20.18633,0.0,3
2.1184134,8.525508,18.538877,0.0,2
0.0,0.18949239,0.66854954,0.0,1
0.0,0.67273855,1.3328886,0.84356207,0
2.3328333,8.40146,18.081463,0.0,0
0.0,0.3323886,0.97488326,0.0,0
2.8945265,9.600333,20.568735,0.0,3
0.0,0.6013549,1.5514795,0.0,1
2.4118495,9.312944,20.226944,0.0,0
3.7831826,9.932894,20.518282,0.0,1
2.941864,9.617963,20.56452,0.0,1
3.9917169,10.226177,21.065502,0.0,0
0.0,0.5226249,1.3827021,0.0,3
3.7397804,9.77006,20.160486,0.0,0
3.785892,9.956384,20.595188,0.0,0
4.1333356,10.332267,21.19593,0.21698025,3
0.0,0.6597088,1.3410708,0.5662299,3
4.084691,10.309519,21.196276,0.018031836,3
2.5101094,8.65738,18.553125,0.0,1
0.0,0.42064783,0.90062803,0.5819378,2
2.0924835,8.455925,18.389708,0.0,0
2.0281014,8.2831545,18.019333,0.0,1
3.791553,10.043901,20.801392,0.0,2
0.0,0.57003915,1.1611729,0.7281163,0
3.771656,9.88237,20.41485,0.0,0
0.0,0.672224,1.3324351,0.79238814,0
2.530439,8.693938,18.623207,0.0,1
2.0718327,8.400508,18.270908,0.0,3
0.0,0.017425919,0.2996822,0.04388819,1
0.0,0.6137313,1.2383306,0.69567794,0
3.878151,9.935374,20.432037,0.0,0
2.4553432,8.421858,18.005678,0.0,0
3.6892943,9.753274,20.167694,0.0,0
0.0,0.53101313,1.0912604,0.57382387,0
0.0,0.46671352,1.2628422,0.0,0
0.0,0.79366684,1.5514522,0.8990705,0
3.8080587,9.998817,20.679293,0.0,2
4.346346,11.121793,22.999779,0.0,1
4.216439,10.997533,22.80876,0.0,0
0.0,0.62206733,1.5958818,0.0,1
0.0,0.074162185,0.4213105,0.009170424,2
2.013269,8.243352,17.934006,0.0,2
3.805026,9.971207,20.590065,0.0,3
2.0902433,8.449913,18.376822,0.0,1
3.6135435,9.769614,20.292307,0.0,1
2.364555,8.616105,18.588573,0.0,2
4.019984,10.194558,20.95581,0.0030758604,2
3.558642,9.700712,20.164637,0.0,2
2.4017792,8.658791,18.679117,0.0,3
0.0,0.3265157,0.9622932,0.0,1
2.5850992,8.813695,18.883698,0.0,1
0.0,0.1656339,0.6174029,0.0,0
0.0,0.20598502,0.70390564,0.0,1
0.0,0.06473992,0.40111154,0.014936049,2
0.0,0.0,0.25223517,0.057431534,0
2.5457826,8.644876,18.475143,0.0,2
0.0,0.11703612,0.5132215,0.0,1
2.1279197,8.551018,18.593565,0.0,1
0.0,0.37275213,1.0614126,0.0,3
0.0,0.43714428,1.1994531,0.0,2
2.0062122,7.9313493,17.184826,0.0,2
2.4282713,8.557061,18.387335,0.0,0
0.0,0.18396659,0.6567036,0.0,3
2.5381742,8.766323,18.805237,0.0,3
0.0,0.35502177,1.0234032,0.0,3
2.4292378,8.600944,18.509356,0.0,0
2.0506282,8.343605,18.148924,0.0,0
0.0,0.5288987,1.089236,0.643067,3
2.573018,9.059498,19.523642,0.0,2
0.0,0.42027888,0.8988601,0.5629461,2
2.262352,8.332043,17.977795,0.0,1
2.4343681,8.69826,18.732677,0.0,2
4.2528934,11.001122,22.778244,0.0,0
3.5268354,9.419545,19.469582,0.0,0
3.8279762,9.838225,20.21758,0.0,1
3.9018655,10.248538,21.2308,0.0,3
2.2197618,8.797477,19.12191,0.0,0
3.7529907,9.840349,20.32172,0.0,0
0.0,0.70409095,1.390686,0.82106453,1
3.8652759,10.079156,20.824745,0.0,1
2.0906577,8.451025,18.379204,0.0,2
2.2846446,8.305531,17.88419,0.0,1
0.0,0.6259311,1.2822287,0.54987884,2
0.0,0.57824,1.1681216,0.718942,0
2.376628,8.485351,18.24329,0.0,0
0.0,0.5075113,1.3503025,0.0,1
0.0,0.77030504,1.9136664,0.0,0
0.0,0.6792949,1.7185634,0.0,2
0.0,0.5602902,1.4634471,0.0,1
2.9185758,9.718373,20.858736,0.0,1
0.0,0.87345994,1.7105987,0.6774371,2
0.0,0.66372406,1.3175516,0.7949068,0
2.416192,8.344677,17.849983,0.0,0
0.0,0.07355706,0.42001325,0.009540711,0
4.1066065,10.594497,21.890133,0.0,0
0.0,0.6526275,1.3287673,0.5627138,3
0.0,0.8187211,1.6133101,0.6562087,0
0.0,0.9072287,1.7704693,0.6909348,0
4.2957497,11.012971,22.763199,0.0,3
0.0,0.32523754,0.9595532,0.0,2
2.6598687,8.859184,18.920227,0.0,3
0.0,0.6196665,1.2376866,0.77435786,0
2.1163802,8.520051,18.527178,0.0,1
2.4541078,8.601313,18.470308,0.0,3
0.0,0.0,0.25223517,0.057431534,2
0.0,0.0,0.25223517,0.057431534,1
0.0,0.118042864,0.51537967,0.0,2
4.0336094,10.414794,21.5035,0.0,2
4.026545,10.319463,21.268452,0.0,3
2.4657965,8.684931,18.663067,0.0,2
0.0,0.1889096,0.6673002,0.0,0
2.4848266,8.6152935,18.469517,0.0,1
0.0,0.3580453,1.0298848,0.0,1
2.126471,8.091088,17.497913,0.0,0
1.9980599,8.202538,17.84651,0.0,3
4.3751173,11.093637,22.895681,0.0,2
0.0,0.048574094,0.36645606,0.024828158,1
2.0720363,8.401053,18.27208,0.0,1
0.0,0.47966173,1.2906,0.0,1
0.0,0.5684197,1.181148,0.5244769,1
2.4155502,9.322876,20.248234,0.0,0
0.0,0.87100506,1.7029775,0.6853737,2
0.0,0.1497057,0.58325684,0.0,3
2.9675112,9.694485,20.745098,0.0,1
0.0,0.08321903,0.4407261,0.0036284067,3
0.0,0.33999124,0.9911814,0.0,3
3.0807147,9.710207,20.662832,0.0,1
0.0,0.141503,0.5656724,0.0,0
3.9389162,10.181445,21.005459,0.0,2
0.0,0.64683723,1.2876308,0.7985736,1
0.0,0.15359475,0.591594,0.0,2
3.9060736,10.067283,20.742792,0.0,3
2.9022083,9.610244,20.5873,0.0,3
0.0,0.7980743,1.5753183,0.6517364,0
4.2678556,11.063879,22.932325,0.0,3
3.8104916,10.037078,20.766685,0.0,0
3.542903,9.578693,19.863596,0.0,3
3.869968,9.938033,20.448519,0.0,1
0.0,0.083806045,0.44198453,0.0032691993,2
2.5780916,8.820901,18.912064,0.0,0
3.7184381,9.705013,20.00548,0.0,0
2.5077076,8.67115,18.600029,0.0,0
0.0,0.7885543,1.537647,0.90314466,0
0.0,0.7078605,1.3969938,0.84705716,2
3.9630895,10.1061735,20.786118,0.0,1
2.437543,8.752208,18.875057,0.0,2
0.0,0.26078776,0.82138896,0.0,2
2.6029224,9.045352,19.4637,0.0,2
2.0303621,8.289222,18.03234,0.0,1
0.0,0.26453534,0.82942283,0.0,2
2.0804882,8.423735,18.320702,0.0,2
3.9794035,10.375259,21.46971,0.0,3
0.0,0.00077171484,0.26397973,0.054079145,0
0.0,0.7295236,1.4528277,0.626936,2
0.0,0.7243836,1.8152223,0.0,2
0.0,0.5148845,1.0589607,0.6138357,0
0.0,0.3632369,1.0410142,0.0,1
4.4334455,11.125454,22.917656,0.0,0
1.9276389,8.013563,17.441395,0.0,3
3.6222281,9.768433,20.271059,0.0,0
3.7321186,10.151325,21.144598,0.0,1
0.0,0.24920976,0.79656863,0.0,0
4.2720237,10.938927,22.587261,0.0,1
2.4044313,8.4468975,18.112524,0.0,3
0.0,0.7311714,1.4375898,0.83599246,0
2.9143925,9.647679,20.676043,0.0,2
0.0,0.73736244,1.8430456,0.0,2
4.2624965,11.013511,22.801449,0.0,2
0.0,0.70054144,1.3782389,0.8371827,0
3.66328,9.519561,19.585215,0.0,0
0.0,0.4010173,1.1220059,0.0,0
0.0,0.5304171,1.0852077,0.72113293,3
0.0,0.65499705,1.2994814,0.81988454,0
2.1680856,8.658803,18.824627,0.0,2
0.0,0.0,0.25223517,0.057431534,1
0.0,0.033941187,0.33508676,0.03378225,2
0.0,0.74405694,1.4563855,0.88195497,0
0.0,0.43551794,0.92271125,0.59129226,0
3.6345472,9.634827,19.921465,0.0,0
4.026266,10.203589,20.978765,0.002456192,0
3.8279986,10.089843,20.889688,0.0,0
2.3906746,8.6113825,18.566011,0.0,0
4.294252,10.8015995,22.228828,0.0,0
2.4932723,8.570052,18.342655,0.0,1
3.5939798,9.695854,20.118954,0.0,0
3.759655,9.859009,20.363068,0.0,0
2.1492395,8.60823,18.716213,0.0,0
0.0,0.79009646,1.5416949,0.9481469,1
0.0,0.64519954,1.288377,0.8457996,0
2.4092379,8.683906,18.733858,0.0,1
3.8461218,9.969555,20.558123,0.0,0
0.0,0.50192827,1.0435531,0.556247,2
3.8070788,9.922419,20.482363,0.0,0
2.175005,8.0637,17.368109,0.0,3
3.950706,10.114662,20.824768,0.0,0
0.0,0.6818601,1.3516605,0.8082015,0
2.3655624,8.60816,18.577234,0.0,1
0.0,0.7617858,1.4914896,0.87289643,1
0.0,0.74152195,1.4777946,0.62165225,0
4.1874685,10.805691,22.348238,0.0,0
0.0,0.60231715,1.216038,0.63075584,2
3.6501803,9.630891,19.89136,0.0,0
0.0,0.7663169,1.5125874,0.70930356,2
0.0,0.4025597,0.86956584,0.50597733,2
0.0,0.6757631,1.3398507,0.8563061,0
3.8424497,10.276765,21.349026,0.0,2
0.0,0.030965298,0.32870722,0.03560324,1
2.2071214,8.324875,18.009298,0.0,0
3.7226124,9.86027,20.404663,0.0,0
2.365687,9.189066,19.96138,0.0,1
0.0,0.69326633,1.7485147,0.0,0
2.8593912,9.641883,20.721045,0.0,0
2.8957543,9.568472,20.495739,0.0,0
4.2740397,11.05012,22.888647,0.0,3
0.0,0.67060393,1.3657168,0.5560447,0
0.0,0.22494039,0.74454117,0.0,1
3.8816166,10.126894,20.917753,0.0,0
3.761385,9.85748,20.36957,0.0,0
2.3227892,8.3080015,17.857084,0.0,0
3.7707214,9.816112,20.237223,0.0,0
0.0,0.30126843,0.9081694,0.0,3
3.9130497,9.965242,20.469542,0.0604191,0
0.0,0.55360526,1.1212655,0.7326154,0
0.0,0.13191377,0.5451154,0.0,0
3.8118963,9.648703,19.760841,0.35727298,1
2.0276365,8.281907,18.016659,0.0,2
0.0,0.78638744,1.5308986,0.86525756,2
0.0,0.47688374,1.2846446,0.0,1
3.0176167,9.737478,20.804056,0.0,1
2.3094635,9.038191,19.637941,0.0,2
3.5427918,9.4564495,19.54591,0.0,1
2.3373823,8.407943,18.094095,0.0,0
2.0649686,8.382089,18.231422,0.0,0
3.86938,9.860514,20.24641,0.10622926,0
0.0,0.070978284,0.41448504,0.011118699,1
0.0,0.0,0.25223517,0.057431534,2
0.0,0.037058555,0.34176964,0.031874686,0
2.503241,8.607227,18.415417,0.0,1
0.0,0.61264575,1.2497532,0.56890804,0
2.3911543,8.437282,18.105667,0.0,1
4.1258793,10.656958,22.032946,0.0,0
3.7634816,9.728523,20.034863,0.0,0
3.9379501,10.311827,21.345299,0.0,0
0.0,0.2816369,0.8660843,0.0,1
2.4452553,8.820511,19.048634,0.0,1
2.725151,9.268764,19.88291,0.0,0
2.863721,9.473721,20.257088,0.0,1
2.7349334,9.425865,20.294504,0.0,2
0.0,0.06712994,0.40623516,0.013473559,1
3.5385442,9.616078,19.950924,0.0,1
0.0,0.6254736,1.2574184,0.6777047,3
0.0,0.16867511,0.6239226,0.0,1
0.0,0.42783234,0.9127153,0.54310834,1
0.0,0.1860395,0.6611475,0.0,1
2.3146868,8.406796,18.108532,0.0,1
2.4409833,8.559694,18.363764,0.0,2
3.7843747,9.721284,19.98272,0.024315719,0
0.0,0.39259908,0.85759133,0.4903295,0
0.0,0.8027456,1.5820811,0.65774876,3
0.0,0.5286358,1.0802995,0.7586188,0
2.8849616,9.631431,20.664227,0.0,1
3.9399395,10.152122,20.925497,0.0,0
3.6113667,9.639473,19.939257,0.0,2
0.0,0.56359726,1.4705367,0.0,0
3.850141,10.054413,20.775661,0.0,2
0.0,0.6937609,1.3711503,0.82713634,0
2.3471885,8.305333,17.79516,0.0,1
4.141496,10.857419,22.509062,0.0,3
3.9247866,10.061278,20.717268,0.0,0
0.0,0.3178531,0.9437228,0.0,3
2.434566,8.49478,18.217146,0.0,0
0.0,0.6180185,1.2405947,0.7281068,0
0.0,0.63182855,1.2570035,0.77284193,0
0.0,0.19614379,0.6828085,0.0,1
2.589159,8.613801,18.352455,0.0,0
3.8282747,10.02313,20.719244,0.0,1
0.0,0.37312755,1.0622172,0.0,1
0.0,0.0,0.25223517,0.057431534,0
3.8199267,10.038853,20.767382,0.0,0
2.791206,9.202152,19.661287,0.0,3
2.4429307,8.855912,19.130548,0.0,2
3.8744798,9.986265,20.562565,0.0,3
1.941074,8.049617,17.518684,0.0,2
2.0530663,8.350148,18.16295,0.0,1
0.0,0.48971167,1.0237194,0.5778029,0
0.0,0.27530602,0.8525125,0.0,3
0.0,0.74723,1.4896561,0.6191829,0
0.0,0.71616966,1.4079944,0.8249402,0
0.0,0.39942575,1.118594,0.0,0
4.0705714,10.452139,21.553911,0.0,2
2.471961,8.664448,18.613298,0.0,2
2.3972793,8.679735,18.73767,0.0,3
0.0,0.083743244,0.4418499,0.0033076294,2
2.4320107,8.765793,18.9174,0.0,2
0.0,0.2756699,0.8532925,0.0,0
0.0,0.72076535,1.4178156,0.88457346,0
2.5626025,8.68367,18.555887,0.0,3
3.7556567,9.794746,20.19882,0.0,1
2.3142533,8.467439,18.267181,0.0,2
3.9933052,10.089444,20.7077,0.14464772,0
2.449224,8.689422,18.707819,0.0,0
0.0,0.5393699,1.0989791,0.63938326,0
0.0,0.70531267,1.3907284,0.78582525,0
2.6665068,8.962803,19.175838,0.0,1
3.9550757,10.367679,21.473019,0.0,1
0.0,0.08001507,0.43385762,0.0055889525,3
0.0,0.5492696,1.1198072,0.71471834,2
2.4882445,8.777701,18.891453,0.0,1
0.0,0.14880267,0.581321,0.0,1
0.0,0.0,0.25223517,0.057431534,0
0.0,0.0,0.25223517,0.057431534,0
2.3714929,8.480177,18.2434,0.0,0
2.5532546,8.85102,19.01124,0.0,1
0.0,0.03398527,0.33518127,0.03375528,0
0.0,0.30126497,0.908162,0.0,2
2.498795,8.790666,18.89474,0.0,2
0.0,0.56180936,1.1396327,0.7030658,2
1.9259573,8.00905,17.431723,0.0,1
0.0,0.04939776,0.3682218,0.024324141,1
3.7087893,9.832019,20.350086,0.0,0
3.693853,9.722318,20.079348,0.0,0
0.0,0.7284993,1.4676597,0.58110493,0
0.0,0.6870581,1.3882275,0.5807976,0
0.0,0.5550402,1.1273966,0.72859573,0
4.025121,10.68272,22.192205,0.0,0
0.0,0.17722297,0.64224696,0.0,0
2.9675112,9.694485,20.745098,0.0,2
0.0,0.5695088,1.4832095,0.0,0
2.3262577,9.083259,19.734554,0.0,0
0.0,0.64687455,1.6490623,0.0,1
0.0,0.8868426,1.7391292,0.6696808,3
0.0,0.65122014,1.3262855,0.56211466,2
3.6897974,9.632835,19.850395,0.0,0
0.0,0.5212376,1.0665119,0.66043276,0
0.0,0.19160822,0.6730854,0.0,3
0.0,0.10443817,0.48621464,0.0,2
3.8453069,9.937872,20.473341,0.0,0
0.0,0.77806664,1.5167422,0.9314103,0
2.3457646,8.388301,18.028805,0.0,0
2.5428557,8.821616,18.944183,0.0,3
2.445414,8.560912,18.376482,0.0,0
0.0,0.060956012,0.3929998,0.017251473,1
3.6070538,9.521014,19.647217,0.0,3
0.0,0.73657733,1.4458119,0.9259535,0
3.8604326,10.002333,20.63271,0.0,3
2.1803188,8.103623,17.47382,0.0,0
3.7811742,9.898914,20.447893,0.0,0
0.0,0.012772933,0.28970736,0.04673542,3
0.0,0.12771198,0.53610784,0.0,0
0.0,0.12084769,0.5213925,0.0,0
3.9516377,10.295927,21.292068,0.0,3
0.0,0.07026373,0.4129532,0.011555944,0
2.6446123,8.84995,18.898252,0.0,1
0.0,0.69428146,1.3669819,0.85023534,1
0.0,0.027315803,0.32088363,0.03783642,1
0.0,0.15278587,0.58985996,0.0,0
4.2643795,10.972503,22.687393,0.0,0
0.0,0.5522063,1.4461173,0.0,1
0.0,0.6286128,1.6099137,0.0,0
4.3373632,11.066653,22.863754,0.0,0
2.289516,8.270717,17.783194,0.0,0
3.563943,9.355163,19.26873,0.0,0
0.0,0.48639718,1.0004363,0.6565959,0
0.0,0.040888485,0.34998006,0.029531095,0
4.322638,11.047657,22.828173,0.0,0
2.5222383,8.830009,19.001532,0.0,3
2.949585,9.671359,20.70178,0.0,2
2.0746899,8.408175,18.287346,0.0,2
2.3604083,8.469557,18.246878,0.0,3
3.843598,10.220488,21.205708,0.0,3
4.080742,10.659343,22.086536,0.0,3
3.910255,10.198257,21.091135,0.0,0
3.5671315,9.484477,19.604776,0.0,2
3.820036,9.896511,20.400393,0.0,3
4.021266,10.226893,21.032516,0.0,3
0.0,0.5384183,1.098178,0.70905226,0
0.0,0.557874,1.1286271,0.6895661,0
2.4181175,8.54962,18.375721,0.0,0
0.0,0.4862965,1.0082624,0.5975662,0
3.9175973,10.148436,20.945189,0.0,0
0.0,0.540672,1.1117957,0.6779982,1
0.0,0.17675224,0.64123785,0.0,0
3.7995338,9.957614,20.56712,0.0,0
0.0,0.56013405,1.1331655,0.6928449,0
2.8847442,9.674623,20.780998,0.0,0
2.9623895,9.687878,20.732723,0.0,2
0.0,0.52185243,1.0683173,0.61212766,0
0.0,0.29920042,0.7128948,0.39214188,3
2.942006,9.705084,20.799671,0.0,3
3.6888008,9.7713,20.203669,0.0,0
0.0,0.6136689,1.2325858,0.7646551,0
4.2797823,11.0358095,22.84322,0.0,0
0.0,0.7896987,1.5573652,0.6568562,3
0.0,0.8150047,1.614938,0.6323046,3
3.9618683,10.349812,21.410048,0.0,3
4.2753015,11.03003,22.832394,0.0,0
0.0,0.58049995,1.5067718,0.0,1
4.2464914,10.992864,22.762774,0.0,0
0.0,0.71438974,1.4450666,0.56885594,0
0.0,0.7461574,1.4857885,0.62411815,3
4.2234817,11.0066185,22.825779,0.0,1
0.0,0.6369113,1.297664,0.5652687,3
0.0,0.7378136,1.4713997,0.6196795,0
2.857997,9.509773,20.36186,0.0,0
3.8271852,9.901444,20.401442,0.0,0
2.0710378,8.3983755,18.266336,0.0,1
2.0508947,8.344321,18.15046,0.0,2
0.0,0.6340592,1.2655514,0.7728577,1
0.0,0.2550934,0.80918163,0.0,3
3.9028835,10.032893,20.658716,0.0,0
3.9021206,10.125661,20.910189,0.0,0
3.8198647,10.0490885,20.802355,0.0,0
0.0,0.53959507,1.0980055,0.7226953,0
3.76444,9.891657,20.450768,0.0,0
2.279879,8.279657,17.824986,0.0,0
3.6245818,9.534321,19.654669,0.0,0
0.0,0.33483368,0.9801249,0.0,0
0.0,0.86495596,1.6959043,0.6729935,0
0.0,0.53361,1.0959642,0.6139222,0
2.4422932,8.558032,18.367603,0.0,0
0.0,0.43991956,0.93093544,0.62000865,0
0.0,0.28124335,0.86524063,0.0,0
4.1523504,10.668945,22.015804,0.0,0
0.0,0.62633634,1.2509623,0.72611606,0
0.0,0.28804654,0.879825,0.0,0
0.0,0.51888824,1.0709672,0.6355169,1
3.6436486,9.612813,19.85033,0.0,0
4.2791424,11.034985,22.841673,0.0,0
0.0,0.5444897,1.4295747,0.0,1
2.932507,9.736388,20.890747,0.0,0
0.0,1.0317233,2.4740815,0.0,1
2.3592534,9.1718025,19.924372,0.0,3
2.313621,8.443838,18.214294,0.0,0
3.886664,10.338399,21.465654,0.0,0
0.0,0.63105124,1.2550969,0.8022502,0
0.0,0.1381602,0.55850625,0.0,0
2.2897248,8.333734,17.940277,0.0,2
2.2589555,8.346747,18.019234,0.0,2
0.0,0.6863272,1.3662285,0.73496217,3
2.3220673,8.569609,18.527433,0.0,2
3.8996687,10.217766,21.137665,0.0,3
2.0309734,8.290862,18.035854,0.0,2
0.0,0.7391108,1.4534792,0.83197695,0
0.0,0.11654143,0.512161,0.0,0
0.0,0.6208699,1.2468157,0.7454758,3
3.6910534,9.797912,20.288055,0.0,0
4.2035017,10.914756,22.616272,0.0,3
2.1562395,8.627014,18.75648,0.0,0
3.8661785,10.082731,20.827217,0.0,1
2.3664474,9.191108,19.965757,0.0,2
0.0,0.954258,2.3080153,0.0,1
2.6813116,9.280155,19.96121,0.0,0
2.3545036,8.609675,18.599115,0.0,1
0.0,0.7737007,1.5083269,0.87964195,1
0.0,0.45100665,0.96963376,0.48667288,3
0.0,0.19256142,0.6751288,0.0,0
2.542817,9.045049,19.515194,0.0,3
3.6124744,9.729117,20.174768,0.0,3
0.0,0.2922268,0.8887864,0.0,1
2.2060199,8.760599,19.042854,0.0,3
0.0,0.36187923,1.0381038,0.0,3
0.0,0.50582236,1.0475769,0.56108445,2
0.0,0.1367416,0.5554651,0.0,0
2.0674653,8.388787,18.245783,0.0,0
0.0,0.7531138,1.4793766,0.84499055,0
2.4732885,8.540283,18.280537,0.0,0
0.0,0.39193663,0.8548233,0.515187,2
0.0,0.21826173,0.73022383,0.0,1
3.4838023,9.48483,19.693596,0.0,2
3.9004545,10.092995,20.808075,0.0,0
0.0,0.44661507,0.9391979,0.5983732,0
2.286574,8.201065,17.609673,0.0,2
3.693448,9.694734,20.01255,0.0,0
2.0184946,7.9472384,17.237871,0.0,1
2.885602,9.632257,20.665775,0.0,3
0.0,0.91096604,2.2152083,0.0,1
2.9360833,9.588786,20.491247,0.0,0
3.0759797,9.747567,20.768805,0.0,2
3.8615546,10.086938,20.839838,0.0,3
0.0,0.7633829,1.5281047,0.5988745,0
0.0,0.7243359,1.4526011,0.6003866,0
0.0,0.33999124,0.9911814,0.0,2
2.2567968,8.896859,19.33496,0.0,3
0.0,0.65278155,1.2948724,0.7814478,0
0.0,0.7895325,1.5414425,0.8847278,0
2.4653497,8.535592,18.283415,0.0,0
4.1910934,10.759645,22.228725,0.0,2
2.5284486,8.801733,18.904247,0.0,1
0.0,0.650328,1.2926129,0.80934834,0
2.4695945,8.658751,18.591925,0.0,2
2.1680603,8.213714,17.771715,0.0,2
3.8396416,9.958204,20.539267,0.0,0
2.358716,8.355572,17.948345,0.0,1
3.7088656,9.764134,20.19076,0.0,3
3.8138428,9.762157,20.052225,0.0757993,1
3.8503928,10.04459,20.75194,0.0,0
4.297482,11.080398,22.94395,0.0,0
2.3896847,9.253465,20.099434,0.0,3
0.0,0.49094233,1.3147826,0.0,2
2.9079618,9.704648,20.834349,0.0,3
3.7399325,9.809993,20.263916,0.0,0
4.261876,11.03443,22.859253,0.0,0
3.7036767,9.824148,20.3339,0.0,3
0.0,0.74468976,1.4592915,0.8584409,3
3.9154682,10.183783,21.039751,0.0,2
0.0,0.15538457,0.59543097,0.0,3
2.0667524,8.386875,18.241682,0.0,1
0.0,0.41433018,0.8932364,0.5231681,2
2.4266124,8.682496,18.707808,0.0,3
0.0,0.099726684,0.4761144,0.0,3
2.4836345,8.637933,18.531776,0.0,0
0.0,0.6271201,1.2536001,0.7217366,0
3.9505172,10.501926,21.81867,0.0,2
0.0,0.0,0.25223517,0.057431534,2
2.5381432,8.896693,19.15134,0.0,3
0.0,0.3775409,0.83952475,0.59962606,0
3.8212905,9.9551735,20.544258,0.0,0
3.8793678,10.059929,20.748268,0.0,0
2.335483,8.423264,18.121725,0.0,0
3.6908937,9.718767,20.077234,0.0,0
2.592188,8.804951,18.84509,0.0,0
3.7474174,10.017202,20.784512,0.0,3
2.492062,8.621192,18.483444,0.0,3
3.7219796,9.784552,20.212574,0.0,0
3.955646,10.076814,20.729362,0.0,1
2.9972782,9.732971,20.813772,0.0,3
0.0,0.5300382,1.0842667,0.6458882,0
3.8959985,10.4354315,21.7033,0.0,0
4.252931,11.044609,22.896942,0.0,0
0.0,0.8573922,1.6909434,0.64691734,1
4.2701793,11.023422,22.820015,0.0,3
0.0,0.8638818,1.6994542,0.657683,0
2.9130363,9.559055,20.435556,0.0,0
3.0097265,9.705505,20.728504,0.0,3
0.0,0.27375832,0.84919465,0.0,0
0.0,0.8407203,1.6488607,0.6744228,3
4.014116,10.156197,20.867579,0.06486331,3
2.5293708,8.772676,18.834517,0.0,2
0.0,0.4471833,0.9452486,0.6787945,0
3.9210367,10.009518,20.583408,0.0,0
0.0,0.19014153,0.6699412,0.0,0
0.0,0.7337307,1.4385055,0.875375,0
0.0,0.0988819,0.47430336,0.0,1
0.0,0.5205542,1.0699943,0.63133645,0
2.5281692,8.751493,18.783743,0.0,0
3.908421,10.140178,20.940647,0.0,0
3.8286018,10.019,20.71437,0.0,0
3.787098,9.873252,20.376184,0.0,0
2.4084349,8.73759,18.86647,0.0,1
3.9920568,10.056751,20.633253,0.20932642,0
3.939755,10.325572,21.376299,0.0,2
2.3481164,8.585645,18.53512,0.0,2
0.0,0.018446546,0.30187017,0.04326365,2
2.4440536,8.68251,18.685888,0.0,1
0.0,0.0,0.25223517,0.057431534,1
2.5661416,8.651758,18.482334,0.0,3
0.0,0.34327802,0.77970725,0.44068706,2
2.328621,8.4321,18.16358,0.0,1
3.8793554,10.048377,20.733,0.0,0
0.0,0.7281815,1.4307585,0.9814876,0
0.0,0.45029432,0.9631722,0.5005715,0
3.7353363,9.8865185,20.465443,0.0,0
0.0,0.668353,1.3278248,0.77201766,0
4.283586,10.99728,22.733807,0.0,0
2.290718,8.440033,18.23587,0.0,0
4.322638,11.047657,22.828173,0.0,3
0.0,0.12240605,0.5247333,0.0,1
3.7779684,10.023183,20.758808,0.0,0
0.0,0.7769353,1.5180094,0.9028043,0
0.0,0.651801,1.301385,0.7629306,3
0.0,0.0,0.25223517,0.057431534,2
3.907784,10.082831,20.787392,0.0,3
2.3804727,8.485121,18.226282,0.0,0
0.0,0.73054975,1.4344193,0.86033785,0
3.8723397,9.966401,20.515709,0.0,0
3.6988783,9.716904,20.063421,0.0,0
3.7074661,9.80634,20.28248,0.0,0
3.7765484,9.925226,20.535448,0.0,1
2.8561902,9.637753,20.713308,0.0,1
2.297114,8.448144,18.239687,0.0,3
0.0,0.17040983,0.6276413,0.0,1
3.8278766,10.017275,20.700228,0.0,0
0.0,0.29100138,0.7020176,0.40695846,2
0.0,0.077943996,0.42941776,0.0068562776,3
0.0,0.13343062,0.54836714,0.0,2
0.0,0.20295179,0.6974032,0.0,0
0.0,0.64797854,1.2874478,0.7740985,0
0.0,0.0,0.25223517,0.057431534,3
2.513949,8.831614,19.006529,0.0,2
3.9702063,10.276742,21.226744,0.0,3
0.0,0.69840395,1.3805479,0.8177823,1
3.990992,10.155652,20.880995,0.0,1
0.0,0.4959404,1.0274448,0.66131175,0
0.0,0.8110148,1.5977461,0.65831447,1
0.0,0.6861854,1.3674222,0.63299066,1
0.0,0.8102554,1.9993099,0.0,1
0.0,0.47286716,0.98688626,0.7486967,0
3.8307853,9.882732,20.33145,0.0,1
2.0334425,7.9986205,17.361292,0.0,2
0.0,0.53285676,1.0829378,0.67322314,1
2.373014,8.492358,18.278408,0.0,2
0.0,0.746371,1.4571105,0.9321854,2
0.0,0.37754333,1.0716836,0.0,2
2.523065,8.898816,19.164778,0.0,2
2.6258435,9.040337,19.431522,0.0,2
0.0,0.66589886,1.3236387,0.81051046,0
0.0,0.24101326,0.77899736,0.0,2
2.2800193,8.246613,17.725948,0.0,2
0.0,0.285253,0.87383634,0.0,3
0.0,0.7909714,1.5680631,0.63433385,3
0.0,0.7211374,1.4165144,0.85315156,0
2.6072044,8.892751,19.062645,0.0,2
0.0,0.11514962,0.5091773,0.0,0
2.387508,8.607512,18.540012,0.0,2
0.0,0.7719104,1.5128106,0.86454594,1
0.0,0.8639321,1.6894826,0.6851518,0
0.0,0.54963404,1.440603,0.0,2
2.8677144,9.65262,20.741158,0.0,1
2.3604293,9.174958,19.931135,0.0,2
4.225967,10.922951,22.594574,0.0,1
0.0,0.55825925,1.138541,0.6815949,3
4.393024,11.095018,22.87965,0.0,2
0.0,0.5630722,1.1413629,0.7029466,0
2.360983,9.176443,19.934319,0.0,2
0.0,0.24085987,0.7786686,0.0,0
4.2844405,11.085326,22.970434,0.0,1
2.5261412,8.655157,18.53676,0.0,0
2.8657928,9.650141,20.736511,0.0,0
0.0,0.32184014,0.95227,0.0,2
2.2412033,8.186694,17.618195,0.0,0
0.0,0.609331,1.2201247,0.7178745,0
2.3517842,8.564667,18.480246,0.0,2
0.0,0.5604618,1.1316454,0.80279976,0
0.0,0.6441206,1.2852689,0.66695833,0
0.0,0.21307363,0.7191018,0.0,3
0.0,0.24119806,0.77939355,0.0,3
4.062411,10.461128,21.600277,0.0,2
3.8049445,9.864514,20.329802,0.0,0
1.9757272,8.142609,17.718037,0.0,2
3.7686338,9.990379,20.688625,0.0,3
0.0,0.07948389,0.43271893,0.0059139915,2
0.0,0.6511506,1.2952926,0.84689915,1
2.4866652,8.693177,18.67729,0.0,2
3.5615406,9.642787,20.014723,0.0,0
2.4379363,8.632073,18.567272,0.0,3
4.0173025,10.213718,21.011263,0.0,0
2.4782853,8.662759,18.598167,0.0,1
0.0,0.69683117,1.3700384,0.8774915,1
2.4163537,8.573937,18.442236,0.0,1
3.6815953,9.583489,19.731161,0.0,3
2.2802205,8.959718,19.469713,0.0,2
0.0,0.6974769,1.4061918,0.5863473,0
0.0,0.23498046,0.7660646,0.0,0
2.3663783,9.190923,19.965359,0.0,3
0.0,0.77358353,1.5379353,0.625473,0
4.162002,10.905591,22.617916,0.0,3
0.0,0.26414213,0.8285799,0.0,0
0.0,0.18930154,0.6681404,0.0,1
0.0,0.7004978,1.4049819,0.605469,3
2.9598088,9.662829,20.667183,0.0,2
4.060285,10.057969,20.555609,0.5639044,0
0.0,0.05804451,0.38675827,0.019033067,1
0.0,0.22109601,0.7362998,0.0,2
4.063208,10.097082,20.650812,0.4824828,0
2.33365,8.403254,18.093628,0.0,1
2.5659275,8.534921,18.175695,0.0,3
0.0,0.5636112,1.1650913,0.54310286,2
2.225793,8.00671,17.165756,0.0,1
0.0,0.0,0.25223517,0.057431534,2
3.9118223,10.064455,20.739058,0.0,1
2.4389524,8.375252,17.901705,0.0,0
2.506977,8.491555,18.116447,0.0,2
2.3443093,8.430329,18.140314,0.0,0
0.0,0.5633732,1.1381723,0.70346165,0
0.0,0.61578727,1.2405539,0.6508474,0
0.0,0.09834382,0.47314987,0.0,2
2.0983338,8.471624,18.423363,0.0,2
2.9438233,9.663928,20.68786,0.0,2
0.0,0.03700071,0.34164563,0.031910084,0
3.0128903,9.66615,20.617544,0.0,2
2.9610324,9.599253,20.492233,0.0,1
2.904149,9.634464,20.651289,0.0,1
2.9507895,9.58604,20.467482,0.0,0
2.2621717,8.9112835,19.365883,0.0,1
2.413383,8.639181,18.602955,0.0,3
0.0,0.74291146,1.4760561,0.6336721,0
0.0,0.290632,0.69990695,0.38270497,0
2.5025883,8.698601,18.654406,0.0,2
3.7938929,9.975609,20.633987,0.0,2
2.3203897,8.385425,18.050014,0.0,2
3.7198305,9.796473,20.247372,0.0,0
2.289034,8.314885,17.905523,0.0,1
3.8353763,10.137781,21.00377,0.0,1
0.0,0.66326743,1.3187544,0.79914117,1
0.0,0.52867633,1.0846186,0.69281715,1
2.5491,8.671341,18.549816,0.0,3
2.5513792,8.642152,18.473879,0.0,2
0.0,0.07635863,0.42601913,0.007826384,0
0.0,0.6394831,1.2814157,0.75869447,0
0.0,0.043110255,0.35474297,0.02817156,2
0.0,0.3784079,0.83518606,0.47329533,2
3.912675,10.073727,20.743483,0.0,1
2.7322183,9.086607,19.439161,0.0,1
3.9642673,10.176462,20.981504,0.0,0
3.585071,9.595348,19.85866,0.0,2
2.3708868,8.427523,18.117046,0.0,1
0.0,0.7015803,1.3836703,0.883611,1
0.0,0.61732495,1.239636,0.72113264,0
0.0,0.6109095,1.2253914,0.7743499,0
2.8244295,9.570933,20.576843,0.0,1
0.0,0.083301485,0.4409029,0.0035779513,0
2.2241254,8.232611,17.763227,0.0,0
2.415204,9.321947,20.246243,0.0,2
4.2964277,11.057282,22.883442,0.0,0
0.0,0.6068873,1.2232405,0.78588897,2
0.0,0.3732586,1.0624983,0.0,0
0.0,0.8295952,1.6296757,0.6685046,0
2.9297385,9.645758,20.653824,0.0,1
3.0481014,9.711574,20.70263,0.0,0
2.5072737,8.777517,18.870386,0.0,1
4.422182,11.176271,23.06113,0.0,3
0.0,0.27957657,0.86166745,0.0,2
1.9795583,8.152889,17.740076,0.0,1
2.588048,9.07379,19.554512,0.0,2
4.0121307,10.668087,22.165632,0.0,1
4.059625,10.480264,21.646297,0.0,1
1.9374648,8.039931,17.497923,0.0,1
0.0,0.74013025,1.4712601,0.6321926,0
0.0,0.2729235,0.84740496,0.0,0
0.0,0.6384554,1.2840571,0.6712125,0
3.7572188,9.714589,19.997318,0.0,0
0.0,0.6104786,1.226351,0.77776146,0
0.0,0.6347498,1.2669163,0.8262039,0
0.0,0.22740889,0.749833,0.0,0
0.0,0.60863435,1.2209187,0.7482921,2
2.3788967,8.43349,18.110367,0.0,0
2.0049582,8.221049,17.886194,0.0,2
2.422803,8.454558,18.123728,0.0,0
2.100892,8.478489,18.43808,0.0,2
0.0,0.5979524,1.2256366,0.5577582,1
3.9750996,10.188041,20.989206,0.0,0
2.358871,8.686785,18.782782,0.0,3
2.461121,8.580385,18.418303,0.0,0
3.6819139,9.698474,20.029264,0.0,0
0.0,0.5353185,1.0939591,0.7304025,0
3.7283487,9.790376,20.224524,0.0,3
0.0,0.7608726,1.4903417,0.8415249,0
0.0,0.23801436,0.7725685,0.0,2
0.0,0.1443141,0.57169867,0.0,0
3.9209943,10.275143,21.277733,0.0,2
0.0,0.60177803,1.2107188,0.8589015,0
0.0,0.049354948,0.36813003,0.024350341,1
2.3610058,8.625606,18.6372,0.0,2
0.0,0.6045934,1.2158825,0.7914023,0
3.9930153,10.332106,21.340746,0.0,1
3.7892547,9.770971,20.104137,0.0,0
3.8472009,10.20563,21.166708,0.0,1
3.7791114,9.880331,20.394491,0.0,0
0.0,0.60299534,1.2170932,0.64026016,3
3.7217646,9.866566,20.431726,0.0,0
0.0,0.45372924,0.9569803,0.6196871,2
0.0,0.09659417,0.46939906,0.0,1
0.0,0.6997787,1.3814754,0.86666197,1
2.4949908,8.749459,18.802578,0.0,3
3.7432165,9.891601,20.465237,0.0,0
3.8305588,9.986674,20.616194,0.0,0
0.0,0.0,0.25223517,0.057431534,2
3.6772022,9.685902,20.001741,0.0,1
3.8696823,10.106294,20.893414,0.0,2
0.0,0.27574912,0.8534624,0.0,2
0.0,0.7387904,1.4480877,0.9004399,0
0.0,0.5988462,1.2048694,0.7983758,1
0.0,0.1428325,0.56852245,0.0,2
3.7112465,9.718754,20.053658,0.0,0
2.4391427,8.6099825,18.497084,0.0,2
0.0,0.0,0.25223517,0.057431534,2
3.7605634,9.86447,20.377298,0.0,0
0.0,0.6510466,1.2935666,0.8011343,0
2.1746554,8.047693,17.331743,0.0,1
0.0,0.4507628,0.94601756,0.61112994,0
0.0,0.5224824,1.0724602,0.7089404,0
3.7951765,10.11825,20.990454,0.0,1
3.824254,9.898844,20.399796,0.0,3
3.8938909,10.129398,20.93252,0.0,1
0.0,0.7476116,1.495547,0.60510904,0
2.309668,8.260572,17.734962,0.0,1
0.0,0.33341476,0.977083,0.0,0
0.0,0.6121849,1.2299391,0.7727803,0
0.0,0.15773076,0.6004606,0.0,0
0.0,0.79741657,1.5719858,0.6573841,0
2.3640842,8.405151,18.057013,0.0,0
0.0,0.6039466,1.21025,0.80785924,0
0.0,0.38317272,0.8423237,0.47877473,3
0.0,0.8487984,1.6679848,0.6645506,1
4.3845954,11.149461,23.031216,0.0,3
4.3481097,11.102279,22.94738,0.0,2
3.8006124,9.901772,20.42835,0.0,0
0.0,0.6249905,1.2598991,0.60587525,0
2.9387202,9.679063,20.73483,0.0,3
0.0,0.41083285,1.143048,0.0,3
2.5359364,8.6043625,18.385096,0.0,2
2.1371121,8.575686,18.646446,0.0,0
2.5009503,8.586269,18.378632,0.0,1
0.0,0.55408984,1.1256735,0.6410174,0
2.478334,8.631463,18.526308,0.0,1
4.409612,11.051263,22.741827,0.0,1
0.0,0.6196611,1.2410948,0.76524276,0
0.0,0.5921913,1.5318351,0.0,1
0.0,0.6348965,1.2774032,0.63956714,0
0.0,0.6178332,1.257069,0.57611436,2
2.899611,9.563456,20.46242,0.0,0
2.3380036,8.472008,18.256586,0.0,0
3.7703881,9.87564,20.402245,0.0,0
0.0,0.627184,1.2549853,0.8017919,0
0.0,0.024395186,0.31462255,0.03962359,0
0.0,0.70404494,1.3917097,0.81768143,3
4.2290525,10.739326,22.13676,0.0,2
3.916832,10.076257,20.76855,0.0,1
2.423512,8.587966,18.47017,0.0,0
2.3499527,8.309982,17.827366,0.0,3
0.0,0.2569769,0.8132194,0.0,1
3.7480693,9.870773,20.415823,0.0,0
2.4973593,8.483786,18.109861,0.0,1
3.8330383,9.984651,20.60143,0.0,1
2.3917522,8.726817,18.86418,0.0,2
0.0,0.3259601,0.9611021,0.0,1
4.0037274,10.329888,21.328333,0.0,0
0.0,0.6176134,1.2435215,0.70241785,1
0.0,0.7566472,1.4795367,0.9155404,0
0.0,0.63708985,1.2663649,0.8198119,0
3.8381438,10.013842,20.68132,0.0,0
3.725912,9.705764,20.013885,0.0,0
0.0,0.36107022,0.8066765,0.46028262,2
0.0,0.0,0.25223517,0.057431534,2
3.8178825,9.957315,20.560587,0.0,2
0.0,0.025814485,0.31766516,0.0387551,1
0.0,0.025776843,0.31758446,0.038778134,1
0.0,0.6343439,1.2723756,0.65495175,2
2.8873982,9.678056,20.787098,0.0,1
0.0,0.4937201,1.3207376,0.0,1
4.3578506,11.093082,22.913261,0.0,0
3.935254,10.1325445,20.892752,0.0,0
2.3646636,8.420279,18.103516,0.0,0
0.0,0.3767947,1.0700788,0.0,2
4.3245587,11.050135,22.832813,0.0,0
0.0,0.5751706,1.1665184,0.6365877,3
0.0,0.88156974,2.15219,0.0,2
0.0,0.8015994,1.9807535,0.0,2
0.0,0.8958837,1.7520486,0.68177974,3
0.0,0.3639559,1.0425556,0.0,3
0.0,0.31309953,0.9335323,0.0,3
0.0,0.31031868,0.9275709,0.0,2
2.0807252,8.424371,18.322065,0.0,3
0.0,0.81705666,1.6184936,0.63334984,0
3.7465062,9.747845,20.080313,0.0,1
2.9028873,9.654556,20.707544,0.0,2
0.0,0.8159972,2.0116189,0.0,2
0.0,0.0041862656,0.2712997,0.051989734,2
0.0,0.43183485,1.188071,0.0,2
0.0,0.12436713,0.52893734,0.0,2
2.3172479,8.463481,18.258001,0.0,2
0.0,0.7898825,1.5577133,0.6568687,0
0.0,0.83488005,1.6546069,0.62816066,0
0.0,0.78423077,1.547374,0.65548015,3
0.0,0.7398403,1.4474436,0.85453564,0
3.6986947,9.795256,20.270273,0.0,0
0.0,0.5728987,1.1611453,0.67213815,3
0.0,0.061901342,0.39502636,0.016673014,1
0.0,0.8098747,1.6060491,0.62969136,0
0.0,0.7969242,1.5783491,0.6374444,0
3.708931,9.836809,20.358091,0.0,0
4.110103,10.602918,21.910154,0.0,3
3.78726,9.848574,20.316025,0.0,0
0.0,0.39711082,1.1136315,0.0,0
2.4544282,8.650752,18.60382,0.0,0
3.878708,10.271318,21.304722,0.0,1
3.9796348,10.13623,20.850405,0.0,0
2.5431676,8.869664,19.061678,0.0,3
0.0,0.5339808,1.0918207,0.63772726,0
0.0,0.13189112,0.54506683,0.0,2
1.937509,8.04005,17.498175,0.0,2
2.4618068,8.882253,19.170017,0.0,2
2.4060345,8.710825,18.80171,0.0,1
3.7753434,9.974829,20.639778,0.0,3
3.8777776,9.961489,20.498344,0.0,3
3.7869964,9.885968,20.410912,0.0,0
0.0,0.50205016,1.0391332,0.7026778,1
4.3399243,11.069957,22.869944,0.0,3
0.0,0.4374201,1.2000444,0.0,1
0.0,0.6465221,1.2857662,0.807312,0
3.6969419,9.806553,20.301863,0.0,0
2.179515,8.689473,18.890377,0.0,0
2.1933727,8.726662,18.970098,0.0,1
0.0,0.17275116,0.63266057,0.0,1
0.0,0.566696,1.1525221,0.6645147,0
3.9097204,10.042756,20.681368,0.0,0
0.0,0.21496372,0.7231537,0.0,0
0.0,0.40985066,0.88061744,0.5140073,1
0.0,0.4188808,0.89807683,0.51366246,3
2.5896869,8.912434,19.128862,0.0,2
2.5500698,8.761767,18.774193,0.0,3
0.0,0.7096918,1.4016235,0.8360929,0
2.456832,8.83382,19.059546,0.0,0
3.7405796,9.83101,20.31655,0.0,0
4.3100863,11.096697,22.972912,0.0,1
0.0,0.58031857,1.1653376,0.71133214,0
3.794366,10.018178,20.745293,0.0,0
0.0,0.30028236,0.9060555,0.0,0
0.0,0.026026009,0.31811863,0.038625665,2
2.4249134,8.581884,18.461374,0.0,3
2.3629885,9.181826,19.945858,0.0,2
0.0,0.5067313,1.0459025,0.65513253,0
0.0,0.6070974,1.2210066,0.74422824,0
2.3890276,9.251701,20.095655,0.0,2
2.3859487,9.243439,20.077942,0.0,3
0.0,0.053263273,0.3765085,0.021958776,2
3.6447568,9.614891,19.854242,0.0,0
4.370014,11.195988,23.167065,0.0,0
0.0,0.32384586,0.95656973,0.0,3
0.0,0.76145315,1.508031,0.64353573,0
2.2749462,8.321343,17.93549,0.0,3
2.434538,8.409452,17.988974,0.0,0
1.9543353,8.085203,17.594975,0.0,2
3.4880152,9.415281,19.50994,0.0,1
3.9143028,10.010369,20.578056,0.0,0
0.0,0.17293961,0.63306457,0.0,0
0.0,0.04165176,0.35161632,0.029064037,2
3.8144078,9.873281,20.347927,0.0,0
2.4779525,8.6039505,18.452852,0.0,3
0.0,0.19612116,0.68276,0.0,1
0.0,0.18940523,0.66836274,0.0,0
0.0,0.2338869,0.7637203,0.0,1
0.0,0.49712187,1.0328954,0.58907527,2
0.0,0.5127834,1.0549476,0.6960744,0
0.0,0.62449044,1.2460084,0.8088183,0
0.0,0.6083376,1.224821,0.6764838,3
2.4378963,8.686809,18.697891,0.0,2
0.0,0.62699646,1.2563568,0.7198437,0
0.0,0.7411354,1.457069,0.8527609,3
1.9390754,8.044253,17.507187,0.0,3
2.5349712,8.678372,18.594994,0.0,3
3.7009506,9.632442,19.8366,0.0,0
0.0,0.16847943,0.6235031,0.0,0
2.268889,8.298745,17.878973,0.0,1
0.0,0.0,0.25473684,0.05671745,1
0.0,0.4304788,1.185164,0.0,1
0.0,0.6942347,1.366117,0.83174336,0
0.0,0.48822927,1.3089666,0.0,1
0.0,0.71199536,1.4406003,0.5685021,0
4.264539,11.05959,22.924706,0.0,3
0.0,0.65917,1.3088324,0.76711655,0
0.0,0.6905707,1.3818778,0.61651695,0
3.9683547,10.076525,20.710415,0.037308548,0
0.0,0.48254445,1.0095584,0.58854175,2
3.8641763,10.072728,20.801456,0.0,0
3.8769832,10.067629,20.77634,0.0,0
2.4866395,8.699994,18.69825,0.0,0
2.5979238,8.878304,19.025969,0.0,2
3.933519,10.0398445,20.641184,0.0,0
2.3480716,8.328897,17.868292,0.0,0
3.682304,9.810991,20.328419,0.0,0
4.3558536,11.003632,22.671227,0.0,0
3.6583848,9.641903,19.902653,0.0,1
2.0031624,8.216231,17.875866,0.0,0
3.8375034,9.884408,20.344154,0.0,3
0.0,0.12422125,0.5286246,0.0,3
2.5254645,8.68811,18.620138,0.0,0
3.7211185,9.868373,20.435078,0.0,1
0.0,0.2504332,0.7991914,0.0,2
2.108204,8.498111,18.480143,0.0,2
2.4981256,8.737851,18.778553,0.0,1
3.6636477,9.835815,20.40017,0.0,0
0.0,0.87144583,1.7044153,0.6837593,3
2.9578695,9.638609,20.603193,0.0,3
0.0,0.43080842,0.92187613,0.53629297,1
0.0,0.6955838,1.7534828,0.0,1
0.0,0.0,0.25223517,0.057431534,3
0.0,0.13397312,0.54953015,0.0,0
0.0,0.6553864,1.3058197,0.73983806,0
0.0,0.78149766,1.5313946,0.8725266,0
0.0,0.13903897,0.5603901,0.0,0
4.210037,10.989275,22.793291,0.0,1
0.0,0.0789709,0.4316192,0.0062278993,1
3.6854467,9.817905,20.340958,0.0,1
2.3102193,9.040219,19.64229,0.0,3
0.0,0.3485388,1.0095052,0.0,0
2.9826841,9.714098,20.78024,0.0,3
0.0,0.72567105,1.8179822,0.0,2
2.3164,9.056806,19.677845,0.0,1
0.0,1.128229,2.680966,0.0,3
4.3138413,11.079759,22.92509,0.0,0
3.5486045,9.485256,19.631432,0.0,0
2.0723467,8.401887,18.273863,0.0,3
0.0,0.0,0.25223517,0.057431534,1
4.0685525,10.601516,21.95209,0.0,2
3.7613034,9.694421,19.940609,0.0,1
0.0,0.02302136,0.3116774,0.040464256,2
3.911262,10.028923,20.647774,0.0,0
0.0,0.049365606,0.36815286,0.024343818,0
0.0,0.23302682,0.76187646,0.0,2
2.09402,8.460047,18.398544,0.0,3
0.0,0.08721113,0.4492842,0.0011855774,2
0.0,0.7124622,1.4050689,0.84029156,1
0.0,0.0,0.25223517,0.057431534,2
2.5229135,8.669103,18.562817,0.0,1
0.0,0.5136312,1.0561268,0.6170757,1
0.0,0.0,0.25223517,0.057431534,1
0.0,0.49858868,1.0354831,0.59571266,2
0.0,0.0,0.25223517,0.057431534,3
0.0,0.0,0.25223517,0.057431534,3
3.9220452,10.109504,20.83418,0.0,3
0.0,0.6893365,1.360976,0.8015973,0
0.0,0.68476766,1.3546063,0.7485692,1
0.0,0.19943222,0.6898581,0.0,1
0.0,0.4156815,0.8932669,0.579032,1
2.410365,8.379618,17.935522,0.0,0
2.3779101,9.221868,20.031698,0.0,0
4.381462,11.036666,22.733105,0.0,0
3.8637042,9.977092,20.563354,0.0,3
3.742176,9.7006,19.965847,0.0,0
4.342485,11.07326,22.876131,0.0,3
3.571529,9.51973,19.686867,0.0,3
4.3444057,11.075737,22.880772,0.0,3
0.0,0.8125447,1.6080436,0.63823205,0
0.0,0.8661372,1.6936599,0.68530273,0
2.478014,8.595936,18.422575,0.0,3
0.0,0.31135336,0.9297889,0.0,0
0.0,0.60309345,1.2115892,0.7291655,0
3.864262,9.97996,20.568619,0.0,0
4.2471695,11.037176,22.883018,0.0,0
3.7998886,9.8485565,20.29584,0.0,1
0.0,0.4585664,0.9591063,0.63910216,0
3.9144511,10.354401,21.470638,0.0,0
2.9240952,9.681921,20.758514,0.0,0
0.0,0.5681466,1.1491668,0.7020986,0
4.333522,11.061698,22.854473,0.0,2
3.0333767,9.692578,20.66705,0.0,0
4.236926,11.023962,22.858265,0.0,0
4.3616533,11.05455,22.803844,0.0,3
3.8113036,9.968391,20.602142,0.0,3
3.869328,9.999991,20.617203,0.0,0
2.9553084,9.635305,20.597006,0.0,3
3.8283815,9.879057,20.340593,0.0,2
0.0,0.55137235,1.1211317,0.73234206,0
0.0,0.60861284,1.2309327,0.647321,2
4.0412397,10.357556,21.36288,0.0,0
0.0,0.7098777,1.395447,0.8871711,0
0.0,0.60018426,1.2079253,0.7085098,0
0.0,0.77100354,1.503887,0.9545498,0
3.764892,9.7865,20.164953,0.0,0
0.0,0.23855676,0.7737313,0.0,0
0.0,0.7824321,1.5252615,0.94037753,0
0.0,0.6137814,1.2354145,0.6621694,1
0.0,0.56162107,1.1381174,0.8013001,0
0.0,0.5635454,1.1425807,0.7558623,0
3.8089786,9.748287,20.01746,0.092765495,0
0.0,0.5790053,1.1711879,0.699414,1
0.0,0.6314897,1.2617012,0.7826386,2
3.8778543,10.048228,20.730886,0.0,3
0.0,0.11006261,0.498272,0.0,0
3.8594513,9.755447,19.997889,0.3070498,1
3.9221344,10.22478,21.13645,0.0,2
3.7058597,9.811915,20.303282,0.0,0
3.6692853,9.705812,20.056011,0.0,0
3.8107738,9.994953,20.670986,0.0,0
3.695108,9.609148,19.789534,0.0,0
2.1502542,8.610953,18.72205,0.0,2
0.0,0.07569469,0.42459583,0.008232661,0
3.7697372,10.004182,20.733475,0.0,3
0.0,0.5902177,1.1930759,0.75052744,0
3.8815427,10.38155,21.57742,0.0,0
1.914162,7.977398,17.363867,0.0,0
0.0,0.6647916,1.3186288,0.78408843,3
3.6916242,9.788567,20.245327,0.0,0
3.8180904,9.888469,20.378565,0.0,3
0.0,0.48047653,0.99277246,0.6634688,3
2.4443545,8.722854,18.794565,0.0,2
0.0,0.65081865,1.2901033,0.8160471,0
3.8203416,9.924504,20.481264,0.0,3
0.0,0.54445684,1.1032834,0.7109039,3
3.8577008,9.978939,20.570967,0.0,0
3.8203688,9.900704,20.401617,0.0,0
3.9302263,10.176672,20.999054,0.0,3
1.942458,8.05333,17.526648,0.0,2
3.9253612,10.151672,20.9535,0.0,0
3.8361735,10.061329,20.8126,0.0,0
3.8385663,10.100504,20.908678,0.0,0
3.993487,10.259261,21.154533,0.0,0
2.5691037,9.022024,19.43135,0.0,3
1.95039,8.074616,17.572279,0.0,2
0.0,0.020191116,0.30561006,0.042196125,3
0.0,0.62179935,1.2397479,0.81666976,0
3.7378764,9.885133,20.466188,0.0,0
0.0,0.5261743,1.0731995,0.7575405,0
3.6191397,9.541218,19.694624,0.0,0
2.9066901,9.616025,20.598127,0.0,0
3.8676186,10.00422,20.621235,0.0,0
3.7737255,10.194418,21.210608,0.0,1
0.0,0.3595624,1.0331371,0.0,3
4.341039,11.114929,22.987583,0.0,0
0.0,0.8670599,1.7103516,0.64459443,0
0.0,0.6876071,1.3939905,0.56794894,0
0.0,0.66515684,1.3216896,0.7773932,0
0.0,0.3517701,1.0164323,0.0,0
0.0,0.053619802,0.37727278,0.021740612,3
2.5993228,8.768845,18.744549,0.0,1
0.0,0.6400749,1.2727586,0.7865346,0
2.2805362,8.234548,17.710072,0.0,0
2.477944,8.537407,18.276411,0.0,1
0.0,0.56716394,1.1480081,0.74196666,0
2.5597415,8.865196,19.051924,0.0,3
0.0,0.786291,1.5510054,0.6563617,2
